Account and plan management,How to use the service,"With our service, all you need to focus on is creating quality content for your followers, and we will handle the rest.
Here's how Ascend Viral facilitates growth for your account:
1- We analyze profiles to find the perfect match based on the information you provide in a form. This includes your targets, hashtags, location, etc.
2- We engage with real accounts that have a genuine interest in your content.
3- As a result, you will gain engaged and excited new fans who will follow you back.
4- We unfollow these users after 3-7 days, unless you choose to keep some of them by adding them to what we call ""the whitelist."" 
Your current following will also be added to the whitelist, ensuring that we do not interact with them. This is known as the follow/unfollow method.","To get an idea of how our service works, please check out this video: https://youtu.be/_VEJsL3XpLI","We employ strategies to follow and unfollow numerous accounts every month, specifically those that we believe would be interested in your content. By following them, they are more likely to visit your account and give you a follow. Our approach is conducted safely, and our personal growth assistants are highly trained experts in achieving growth. :)","We typically carry out approximately 200 actions per day, which appears to be the maximum limit allowed by Instagram without triggering action blocks.","By using our service, you will receive 100% organic, real, and highly targeted followers, guided by an expert growth assistant throughout the entire process.","On your behalf, we typically interact with 3,000-4,000 accounts every month.","Engaging in follow-unfollow spam violates Instagram's Terms of Service. However, we do not engage in spamming. Instead, we effectively interact with your community in a meaningful way to attract more visitors to your profile. Ultimately, it is your profile and content that will convince users to hit that follow button and give them a reason to stay. :)","We carry out approximately 150-200 actions (follow/unfollow) every day. This number aligns with Instagram's maximum limit to avoid action blocks. As a result, we charge our clients on a monthly basis to ensure consistent growth.","Typically, the onboarding process involves 2-3 days of defining your target audience and completing the necessary steps. This is followed by 2-3 days of growth before the paid plan officially begins.","I often describe Ascend Viral as gasoline, where your content and targeting preferences act as the fire. We can only enhance your growth if your content and targeting are already effective.","We appreciate your interest in our services. I want to assure you that our services are commitment-free, and we do not require you to sign a contract. You have the freedom to cancel your subscription anytime you wish.","Yes, we do require a password in order to provide our growth service. Unlike services that send fake followers, we focus on building genuine relationships through a manual follow/unfollow process.",We only charge you after your 5-day free trial period. You can choose to cancel during the trial period & we won't charge you.,"We don't unfollow your current followings. We only unfollow who we specifically follow on your account. 
your current following will be added to a whitelist. you can always add more to that whitelist as we progress with your account growth.", ,,,,,,,,,
,Account set up and management,"Typically, the onboarding process involves 2-3 days of defining your target audience and completing the necessary steps. This is followed by 2-3 days of growth before the paid plan officially begins.","Please note that our payment processor may take up to 12 hours to confirm the payment. If you do not gain access within 12 hours, please let me know so I can assist you further.","If you need to reconnect your account, you can use the following link: https://assistant.ascendviral.com/control","If you would like assistance in updating your password, you can do so by accessing the following link: https://assistant.ascendviral.com/control
Click ""EDIT"" under credentials, type down your correct password, then hit update!","If you're having trouble with filling out your growth strategy form, please make sure you type in the hashtags and enter them one by one!

","In case you are unable to edit and submit a new strategy, you may need to wait for your personal growth assistant to assist you with the update. Alternatively, you can send your username and password to your assistant through the messaging section, and they will make the correction on their end","To make the update, you can send a message to your assistant through the messaging section of our platform. They will assist you in making the necessary changes, or you can edit your growth strategy in the settings section to enter the correct information.","If you need to update your Instagram username and password, simply inform your growth assistant about the change, and they will guide you on how to update it correctly.","I noticed that you've submitted the growth form multiple times. However, it seems that there is an issue with the username field in the submitted forms. Please note that an Instagram username cannot contain spaces.","To ensure accurate processing of your growth strategy, I kindly request you to fill out a new form with the correct username. You can access the form using the link below:
https://assistant.ascendviral.com/onboarding

If this doesn't work, kindly access this link: https://assistant.ascendviral.com/control
Click ""FILL"" or ""EDIT"" under Strategy, then fill out your form. Once you're done, please scroll down and hit update. That's all!","After you sign up, we will require you to fill out a short 5-minute onboarding form. This form will include providing your Instagram credentials and sharing details about your account and target audience. We want to know who you want to target and any specific preferences you may have.", ,,,,,,,,,,,,
,Plan options and differences,"We currently offer two different plans. For more information about our plans and pricing, please visit: https://ascendviral.com/followers/","If you opt for the turbo plan, we can provide additional assistance with your content strategy and offer advice to help accelerate your account's growth. However, please note that we do not post or schedule content on your behalf.","I would recommend considering the turbo package, as our service relies on your individual followback ratio. The follow-back ratio improves based on the quality of your content and the targeting provided to your personal growth assistant.","For those who have their content strategy figured out, the Starter Growth plan should be sufficient. However, if you find yourself struggling with content creation, our Turbo Plan is the way to go. As part of this plan, we offer a detailed content report, usually available by week 3 of your subscription. This report will up your content game and enhance your strategy to drive more growth.","Thank you for your interest in Ascend Viral! We're excited to have you on board. As part of our Turbo plan, we can provide content consultation and give you recommendations and advice on your content strategy. However, please note that we do not offer services for posting or scheduling content on your behalf.","In the Turbo plan, you not only receive advice and suggestions but also have access to an Instagram expert who can address any questions or concerns you may have. It's like having a personal consultant dedicated to your Instagram growth. We go the extra mile to provide detailed support and take more actions each month to maximize your results.
On the other hand, the Starter plan also offers basic support and guidance to help you with your Instagram growth. However, the level of customization and in-depth assistance provided in the Turbo plan sets it apart.","With the Turbo plan, we provide additional customization options that go beyond what's offered in the Starter pack. We can help you tailor your bio, provide more personalized suggestions, and offer guidance that is specific to your account.","The Turbo plan includes comprehensive advice and coaching. We can assist you with various aspects such as hashtags, posting strategies, and bio optimization. Our goal is to provide detailed responses to your queries within 24-48 hours, although response times may vary depending on the complexity of the request.","With the Turbo plan, we offer advanced support that goes beyond the basic features. Think of us as consultants for your Instagram profile. If you need help with hashtags, posting strategies, or any other aspect, we are here to provide guidance and assistance. Please note that the Starter plan does not include this level of customization.","Our advanced support, available with the Turbo plan, includes personalized consulting and advice from your dedicated growth assistant. We can assist you with profile optimization, growth strategies, content planning, and more. It's like having a trusted advisor for your Instagram journey.","With our advanced support, you can expect personalized consultation and advice from your dedicated growth assistant. They will assist you with various aspects of your Instagram account, such as optimizing your bio, providing content consultation, and offering guidance on effective hashtag usage.
In the Turbo plan, you will have access to more comprehensive advice and suggestions. It's like having an Instagram expert at your service, where you can ask anything related to Instagram and receive detailed guidance.
While the Starter plan also includes support and guidance, the Turbo plan offers a higher level of detail and involves more actions taken on your account each month.
To help you decide if Ascend Viral is the right fit for your Instagram growth, we offer a five-day free trial. You can cancel anytime without any long-term commitments.
Please let me know if you have any further questions.","Due to the specialized nature of the service and the specific actions involved, our spots for the Celebrity plan are currently at capacity. However, you may consider trying our Turbo plan, which employs a manual approach to the follow/unfollow method.", ,,,,,,,,,,,
,Free trial,"During the trial period, we take the necessary steps to connect and link your account, conduct thorough research, and create a tailored growth strategy. Additionally, we strive to maximize your trial by initiating a few days of follow actions. Please note that the trial period lasts for 5 days, and typically, we have everything set up and running smoothly by day 2 or 3 of the trial.","When you sign up with Ascend Viral, we kick off by doing some essential groundwork to make your Instagram growth journey a success. This initial phase typically takes about 2-3 days. During this time, we conduct in-depth research to understand your unique growth strategy, and we carefully define your target audience. This step is crucial to ensure that we start targeting the right people effectively. Once we've completed this groundwork, we'll promptly log in to your account and begin the activity that drives organic growth. Rest assured, we'll keep you updated!","Typically, the onboarding process and defining your target audience takes around 2-3 days. After that, the growth phase begins, which also lasts around 2-3 days before the paid plan commences.","To help you determine if we are the right fit for your Instagram growth, we offer a five-day free trial. You can cancel anytime, and there are no long-term commitments.","Hi there! Unfortunately, whether you opt for a trial or purchase the plan outright, we still need to gather your information and warm up your account. Therefore, I would recommend staying on the trial.","To give our service a try and see if it aligns with your Instagram growth goals, you can take advantage of our five-day free trial. This trial allows you to experience our service firsthand and make an informed decision. The best part is, you can cancel anytime without any long-term commitments.","During the free trial period, our primary goal is to get you acquainted with the Ascend Viral experience and set the foundation for a successful Instagram growth journey. Here's what you can expect during the trial:

1. Account connection and linking: We will connect your account with your Personal Growth Assistant and ensure everything is set up correctly for a smooth start.
2. Research and growth strategy creation: Our team will analyze your account and create a personalized growth strategy based on your target audience, content, and goals.
3. Initial follow actions: We typically perform a couple of days of follow actions during the trial period.

The trial period is designed to help you become familiar with our service and processes, without spending money during the initial setup and low-activity phase. This ensures that once you transition to a paid plan, you'll be in an excellent position to maximize your growth potential with Ascend Viral.
","The trial period is primarily aimed at getting you started and registered with us, rather than providing significant follower growth right away. During the trial period, there is usually limited activity, which is why we offer it at no cost to ensure you don't spend money during this initial phase.",The free trial is available on all of our plans. All you have to do is sign up.,"To start your trial, simply choose one of the plans here, and continue with the sign up process: https://ascendviral.com/followers/","Please note that the system may take up to 12 hours to process subscriptions. If you do not gain access after this period, feel free to reach out to us via live chat, and we'll assist you promptly.", ,,,,,,,,,,,,
,Billing and pricing,"We currently offer two different plans. For more information about our plans and pricing, please visit: https://ascendviral.com/followers/","Currently, we do not accept cryptocurrency payments. We only accept payments through the available payment methods on our platform ( PayPal & Credit Card ).","Please note that PayPal requires linked credit cards or bank accounts with sufficient funds for recurring payments. If you encounter any issues with your PayPal payment, please ensure your payment method is properly linked and has enough funds to cover the recurring charges.","Our system automatically attempts to process payments and will make another attempt within the next 24 hours if there is an issue with your payment. 

If you want to process it faster, first cancel your subscription here: https://ascendviral.com/members-area/

Then, you can purchase a new subscription here (you'll have to pay with Stripe): https://ascendviral.com/start-instantly/","The plan can save you 80+ hours per month, which is a significant time-saving benefit. I personally believe that alone makes it well worth the investment. However, if you feel that it may not be the optimal choice for you at the moment, I recommend considering our ebook. In the ebook, we explain the whole process in detail, providing valuable insights and knowledge. It can be a great resource to help you navigate Instagram growth effectively.", ,,,,,,,,,,,,,,,,,,
,New Instagram account / Content,"Before joining our service, we highly recommend taking 4-6 weeks of consistent posting to build momentum. Having engaging content is crucial to attract and retain followers, and this initial period of regular posting will significantly enhance your organic growth potential.","We recommend having existing content on your account (at least 9 posts) before using our service. This way, people will have a reason to follow you and engage with your account, leading to better growth results.","Newly created accounts are less trusted by Instagram. Thus, they usually don't go past the warm up phase. With this in mind, we strongly encourage you to take 4-6 weeks to start posting content. Growing an account with limited or no posts organically can be very difficult. Posting high-quality content will help attract and retain followers, resulting in better growth outcomes.",We require at least 9 posts before we can start working on your account. This helps ensure that there is enough content to attract and engage your target audience effectively.,"As a general recommendation, we suggest starting with 9 high-quality posts. Along with that, having a well-crafted bio and a good profile picture can also positively impact your growth. It's important to note that new accounts may take longer to achieve significant growth results.","We can certainly help you grow your art account. Our services cover various niches, and as long as your target audience exists on Instagram, we can assist in attracting an artistic audience specifically tailored to your content. Our personal growth assistants will guide you throughout the process and continuously optimize your profile and strategy to deliver the best possible results.","Consistent content is key to achieving the best results. Our strategy can work effectively on a new account, but it relies on regular posting of high-quality content. I recommend aiming for at least one post, reel, or story per day or every other day to keep your account active and engage your audience.", ,,,,,,,,,,,,,,,,
,Upgrade/Downgrade,"The easiest way to do this is to wait until your current subscription ends, cancel your current subscription, and then sign up with a new subscription under your preferred plan. If this isn’t an ideal solution, then you can contact your Personal Growth Assistant regarding this.","If you signed up using PayPal, here's how you can change your subscription plan.

1. Cancel your current subscription using this link: https://ascendviral.com/members-area/

2. Wait until your subscription expiry date, and then purchase your preferred plan using this link: https://ascendviral.com/start-instantly/

Make sure you're logged in to your Ascend Viral account!","If you signed up with Stripe, simply inform us of the plan you’d like to proceed with and share the email address associated with your account. We’ll promptly forward your request to the relevant team, and you can expect an email from us as soon as it’s processed!", ,,,,,,,,,,,,,,,,,,,,
,Add multiple subscriptions or new subscription,"To start a new subscription, please follow the link below: 
https://ascendviral.com/start-instantly/

Kindly note that new subscriptions won't be eligible for a free trial since the trial offer is available once per account.","Absolutely! You can add as many accounts as you wish, and all of them can be managed from one Instagram dashboard.

Let me know if you ever plan on adding more accounts, and I'll gladly help.","To add more accounts for growth, simply follow this guide:

1. Purchase a new subscription for your account here: https://ascendviral.com/start-instantly/

2. Onboard your new account and fill out a growth strategy for it here: https://assistant.ascendviral.com/onboarding

Make sure to let your assistant know about your second account!","To swap your account, please fill out another growth strategy form using the following link: http://dashboard.ascendviral.com/onboarding. Once we receive your new form, we will proceed with updating your account information.

Make sure to let your growth assistant know!","Feel free to add as many accounts as you need, with a separate growth strategy for each one. Please make sure to pay for each subscription separately, but rest assured that all accounts will be managed under your main account.","You have the flexibility to add as many accounts as you want. If you're planning to add multiple accounts, you can use the coupon code ""coupon-example"" to receive a $20 discount on each additional account subscribed to the Turbo plan. This coupon code is usually reserved for clients with multiple accounts.", ,,,,,,,,,,,,,,,,,
Growth strategy and performance,Growth delay and what's next,"Typically, the onboarding process involves 2-3 days of defining your target audience and completing the necessary steps. This is followed by 2-3 days of growth before the paid plan officially begins.","I apologize, but it seems that your current growth assistant is not available online at the moment. I've left a note for them, and they'll get back to you as soon as possible!","Perfect! Your personal growth assistant will review all the information you submitted, and define the correct target audience within 48-72 hours and get started with the process as soon as possible. Feel free to text them in the meantime!",I notify your growth assistant to begin working on your account as soon as possible.,"Sometimes it may take up to 48 hours for accounts to appear in the dashboard, especially during weekends when the processing time may be longer. Once your account shows up in the dashboard, your growth assistant will reach out to you through our messaging platform at https://assistant.ascendviral.com/messages","I want to assure you that your account is active and we are actively working on your growth strategy. However, please note that we are currently in the unfollow week, where we perform more unfollow actions. This may be why you are noticing fewer daily activities. We switch between follow and unfollow every week to maintain a balanced approach.

For more details on your account's progress, I recommend reaching out to your growth manager through the messages section at https://assistant.ascendviral.com/messages","Sometimes it may take up to 48 hours for accounts to appear in the dashboard, especially during weekends when the processing time may be longer. Once your account shows up in the dashboard, your growth assistant will reach out to you through our messaging platform at https://assistant.ascendviral.com/messages", ,,,,,,,,,,,,,,,,
,Estimation and guarantee of growth,"The number of followers you can gain per month varies based on external factors like your niche, content quality & consistency, audience engagement, and your account's general appeal. On average, growth can range from 200 to 800 followers per month, but results may differ for each account.

We've managed accounts that have achieved substantial growth of over 2,000 followers monthly, while others have seen more modest gains of around 200 followers per month, all depending on the factors mentioned above.","The growth you achieve with our service depends on your level of commitment and improvement in content. Some clients who are highly focused on content see significant growth of around 1,000 followers per month, while others who struggle with content may gain only a couple hundred followers per month or less.","In my view, a ""decent"" account typically achieves a follow-back rate of 25-50%. This results in an average growth rate of around 400-1,200 followers. However, proactive actions such as creating better content, engaging with the community, and posting frequently can contribute to even better results.","It's quite impossible for us to guarantee growth on Instagram. If we could guarantee X amount of followers, then that should be your indicator that our service isn't organic. Since our service is organic, the only guarantee we offer is our refund policy which is usually only offered for extremely low performers (https://ascendviral.com/help-center/real-growth-guarantee/).","To measure the effectiveness of our strategies on your account, please feel free to read our growth guarantee here: https://ascendviral.com/help-center/real-growth-guarantee/","It is difficult to provide precise measurements as every account is unique and has different needs.
We have accounts that experience growth rates of 2,000+ followers per month, while others may have significantly lower growth rates of around 200 followers. The growth depends on various factors such as content quality, targeting, and niche.","Some accounts may exceed 1500 followers (we have accounts growing by 2000+ followers) due to factors like posting reels and maintaining a high content frequency. On the other hand, some accounts may experience negative growth if they previously purchased fake followers, which were subsequently removed by Instagram.","In the first month, you can expect to gain between 200-400 followers under optimal growth conditions. As we continually optimize growth on a weekly basis, this number improves, allowing you to achieve your monthly follower goals and potentially exceed them.","The estimation provided in our pricing page is a rough range, and all the followers gained through Ascend Viral are real and engaging. However, we cannot guarantee specific results as it depends on several factors.","We do not offer specific guarantees for the number of followers. Our estimations are based on expected results with optimized content and target settings.

However, we have a growth guarantee that you can find here: https://ascendviral.com/help-center/real-growth-guarantee/","Providing an estimation is challenging because if there are fake followers in your account, it can take time to address and fix that issue. We have the capability to fix it, but it requires time and effort.", ,,,,,,,,,,,,
,Warm-up period,"All accounts we onboard go through a thorough warm-up cycle, which involves gradually increasing the daily activity.","The warm-up period is a gradual process where our growth assistants begin increasing activity on your account to safely remove Instagram's default activity limits. This ensures your account’s safety by avoiding sudden spikes in engagement, which could trigger Instagram’s security systems. It typically lasts for two weeks.","The duration of the warm-up phase can vary depending on the account. Typically, it lasts for about two weeks. During this period, your growth assistant will gradually increase the daily actions to improve your account's trust score and expand the action limits.",Rest assured that we prioritize the safety and well-being of your account. We warm up your account before implementing any strategies to minimize any potential issues.,The warm-up process is designed to improve your account's trust score in the long term. It is effective for both new and established accounts., ,,,,,,,,,,,,,,,,,,
,Low growth or low engagement,"We understand your concern about slow growth, and we'd like to help.

It's important to note that individual results may vary depending on the quality of your content. As our service is entirely organic, it may take some time to grow. However, we're here to assist you in optimizing your growth for better results.

To address this issue, we recommend discussing your specific situation with your personal growth assistant here: https://assistant.ascendviral.com/messages

The idea is to refer them to their growth assistant, they are the ones that help with growth.","Hi there, I don't have your specific information at the moment, so I can't provide a detailed comment on why your growth is at its current point. However, I can reach out to your growth assistant and discuss this matter further. Would it be alright if I send you an email with more information after I consult with them?","You mentioned that you're experiencing issues with the engagement on your account. To address this matter, I recommend discussing it with your growth assistant. They are well-equipped to provide you with a detailed consultation and guidance on improving your engagement.

You can conveniently reach out to your growth assistant by visiting this link: https://assistant.ascendviral.com/messages","In some cases, individuals may not experience the anticipated growth with our service due to previous activity on their account, such as buying fake followers. Instagram often removes these fake followers, which can lead to a decrease in the overall follower count. However, we can still help you gain real, engaging followers during that period, even if the net result may appear as a slight decrease.","It seems that we briefly lowered activity in order to keep your account healthy. Sometimes, we see indicators early on that tell us to take a break and go a bit slower in order to reach max performance later.
I'll take a look at your account and see what can I find. I'll also reach out to your personal growth assistant so they can follow-up with you.", ,,,,,,,,,,,,,,,,,,
,Follower retention,"Retention rates primarily depend on the quality of your content and how well you engage with your audience. Ascend Viral serves as a catalyst, while your content serves as the driving force for long-term engagement and follower retention.","The followers we gain for your account are real, genuine users. The best way to retain them is by consistently posting high-quality content and actively engaging with your audience. Respond to comments, interact with their posts, and maintain a regular posting schedule—this helps build a strong connection and keeps your followers interested in your content long-term.","If you consistently post compelling content and actively engage with your audience through comments, direct messages, and stories, there's no reason for people to unfollow you.",,"Unlike growth methods such as giveaways or buying followers, Ascend Viral excels in follower retention. Our methods focus on gaining real and active followers who genuinely like your content, leading to better long-term engagement and retention.","With Ascend Viral, all the followers you gain are real people.",Follower retention depends on the quality of your content and your engagement with your audience., ,,,,,,,,,,,,,,,,
,Targeting & niche,Absolutely! We can target accounts that are most similar to yours or larger accounts whose followers would likely enjoy your content. This helps us connect with an audience that is already interested in your niche.,"Our service is designed to work with almost all niches and accounts. As long as your target audience is on Instagram, we can assist you in growing your account.",We can target English-speaking users and optimize your targeting based on location as well. This allows us to narrow down the audience to those who are most likely to be interested in your content.,"Rest assured, we can absolutely adjust our targeting to better suit your preferences. All you have to do is provide us with feedback and examples of accounts we followed that don’t align with your goals. Your assistant will promptly start optimizing the targeting to ensure we’re reaching the right audience for your account.","I often describe Ascend Viral as gasoline, where your content and targeting preferences act as the fire. We can only enhance your growth if your content and targeting are already effective.","The range of followers we can target typically falls between 5,000 to 200,000 followers. This range allows for effective engagement and interaction with a substantial and engaged audience.","Certainly, we can target your competitors' followers as well as followers of specific hashtags. We can also customize targeting based on location and various other factors to ensure that we connect with the right audience for your account.","Yes, we can certainly target an audience from a specific country. We work with numerous accounts that target Spanish-speaking audiences (and other languages), so we have experience in helping you reach your desired audience.","We are pleased to inform you that we can indeed help grow accounts in foreign languages. Our services are not limited to any specific language, and we can target your desired audience regardless of the language they speak.
Our personal growth assistants are experienced in optimizing profiles and strategies for accounts in various languages. They will guide you through the process and ensure that you achieve the best results.","Yes, we work with non-English accounts as well. We can target users based on geolocation, hashtags, or specific accounts. If you can provide us with a list of your competitors or accounts similar to yours, we can target their audience effectively.","Our service is designed to work for a wide range of niches and accounts, including artists. We have successfully worked with many artists from around the world to help them grow their Instagram presence.","If you have competitor accounts in mind that are similar to yours, our service is likely to work well for you.", ,,,,,,,,,,,
,Wrong targeting,"At Ascend Viral, we have developed one of the best targeting practices in our industry. However, it's important to note that our filters are not 100% perfect, and there is a margin for error.
We strive to effectively filter out approximately 85% of the wrong users, but there may still be instances where some incorrect accounts slip through the cracks. Additionally, given the high prevalence of fake and bot accounts on Instagram, it becomes challenging to ensure a completely error-free targeting process.","Please note that targeting is an evolving process, and achieving perfect accuracy can be difficult. Instagram doesn't share sensitive details like users' location, age, or gender, and many users don't include this information in their profiles. However, we're always refining our techniques to enhance your targeting for the best possible results.","In some cases, we may follow a private account that appears normal from the outside, but upon acceptance, it becomes evident that the account is not as appropriate or targeted as we initially thought. We acknowledge this issue and are committed to improving our targeting methods.","Unfortunately, ghost followers are something beyond our control. Occasionally, users may follow your account who are bots or become inactive over time.", ,,,,,,,,,,,,,,,,,,,
,Projected metrics (to be removed),,,,,,,,,,,,,,,,,,,,,,,,
,Hashtags,"For the hashtags, you can follow the strategy below, it will get you the best results possible:
2-3 hashtags where their average post likes are lower than your average (because it's easy to rank)
2-3 hashtags where their average post likes are the same as your average (medium difficulty to rank)
2-3 hashtags where their average post likes are a little higher than your average (hard to rank but will bring traffic)", ,,,,,,,,,,,,,,,,,,,,,,
,Growth strategy,"Once you sign up, you'll be asked to complete a brief onboarding form that takes about 5 minutes. In this form, you'll need to provide your Instagram login details and share information about your account and target audience. This helps us understand who you'd like to target and any specific preferences you might have.","Our service is designed to work for a wide range of niches and accounts, including artists. We have successfully worked with many artists from around the world to help them grow their Instagram presence.","When you fill out your growth strategy, please make sure to include the specific locations you want us to target in the ""locations"" field. It can be a city, state, or even an entire country. We will then focus on finding and engaging with the audience from your preferred location.","I often describe Ascend Viral as gasoline, where your content and targeting preferences act as the fire. We can only enhance your growth if your content and targeting are already effective.","To make the update, you can send a message to your assistant through the messaging section of our platform. They will assist you in making the necessary changes, or you can edit your growth strategy in the settings section to enter the correct information.","To fill out a new growth strategy form, please visit

https://assistant.ascendviral.com/onboarding", ,,,,,,,,,,,,,,,,,
,Other growth methods / fake followers,"Unlike growth methods such as giveaways or buying followers, Ascend Viral excels in follower retention. Our methods focus on gaining real and active followers who genuinely like your content, leading to better long-term engagement and retention.","The follow actions we perform offer better return on investments (ROIs) and are highly effective when targeted towards the right audience for your account. This can help generate meaningful traffic, momentum, and sales.","In some cases, individuals may not experience the anticipated growth with our service due to previous activity on their account, such as buying fake followers. Instagram often removes these fake followers, which can lead to a decrease in the overall follower count. However, we can still help you gain real, engaging followers during that period, even if the net result may appear as a slight decrease.","Mass likes is generally not a good strategy for several reasons, including the risk of attracting bot followers and low-quality giveaway followers.","It's important to note that using multiple growth services simultaneously can lead to account closure, so it's recommended to stick with one service at a time.","We make use of the maximum capacity of your account, running your growth from a dedicated device. Our growth experts push your account to its limits in terms of interactions to achieve the best results.","It is generally not recommended to use any kind of automation in conjunction with our service. Previous automation practices, such as auto-liking, can potentially hinder your results due to increased restrictions from Instagram.",Deleting a large number of followers in bulk is not recommended as it can be seen as suspicious by Instagram and may result in actions against your account. We advise against deleting more than 30-50 followers per day to avoid potential consequences.,"The good news is that Instagram takes regular actions to remove bots from the platform. Over time, these ghost followers will likely be identified and removed from your account by Instagram's automated systems.", ,,,,,,,,,,,,,,
Content creation and strategy,Creating posts and content,"If you opt for the turbo plan, we can provide additional assistance with your content strategy and offer advice to help accelerate your account's growth. However, please note that we do not post or schedule content on your behalf.","Yes, we can provide recommendations and advice, but we do not post or schedule content for you.","Regarding content, I want to emphasize the importance of consistency. Regularly posting high-quality content is crucial to achieving desirable results","Here’s the revised version:  

To begin our service, we require a minimum of **9 high-quality posts** on your profile. Along with this, having a well-crafted bio and a good profile picture is essential to maximize your growth potential. Please note that newer accounts may take longer to achieve noticeable growth results, but meeting these requirements ensures the best possible start.","What specifically are you finding challenging when it comes to content creation?

1. Difficulty generating ideas

2. Insufficient engagement on your posts

3. Uncertainty about which captions and hashtags to use

4. Limited time available for content creation

If you're facing any of these challenges, our Turbo plan can be beneficial for you. We can provide guidance on finding compelling content ideas, help you decide between multiple ideas, offer strategies to increase engagement, and assist with crafting captivating captions and selecting relevant hashtags. However, it's important to note that you will still be responsible for actually creating the content yourself.","You will still be responsible for creating and posting high-quality content. With the turbo plan, we can also assist you with your content strategy and provide additional advice to help accelerate your account growth.","There are other services available, such as Fiverr, that can assist with creating posts while you utilize Ascend Viral for growth. Some of our customers opt for this approach, so it could be a possibility for you as well.","I suggest opting for the Turbo package, as our service depends on your personal follow-back ratio. This ratio improves with high-quality content and precise targeting, which your dedicated growth assistant will handle for you.",We recommend posting a minimum of three times a week to maintain an active presence on Instagram.,"As long as the content aligns with your brand, is relevant to your niche, and generates decent engagement, you should post it as often as possible.","A viral reel refers to any content that significantly expands your reach beyond your current audience. For example, if you have 1,000 followers and a reel that receives 5,000 views and 500 likes, it can be considered ""viral."" While it may not make you instantly famous, it signifies that people who typically do not see or engage with your content are now doing so.", ,,,,,,,,,,,,
,Past growth services (to be removed),,,,,,,,,,,,,,,,,,,,,,,,
,Using hashtags and other tactics to improve growth. (Likes or comments),"The follow actions we perform offer better return on investments (ROIs) and are highly effective when targeted towards the right audience for your account. This can help generate meaningful traffic, momentum, and sales.","No, we do not perform any likes or comments on your behalf. This is because these actions do not provide a good return on investment (ROI) and are often prone to frequent action blocks. Additionally, comments need to be highly personalized in order to be effective.Instead, our main focus is on follow actions, which have better ROI and are highly effective when targeted towards the right audience for your account. By engaging with the right audience through follows, we can help you generate meaningful traffic, momentum, and potential sales.","Hashtags play a significant role. Conduct thorough hashtag research and identify smaller hashtags that align with your content. Analyze popular posts within those hashtags, considering factors such as likes, comments, and content type. Aim to use a mix of hashtags:               
- 10 hashtags with an average post likes smaller than your average (easier to rank)
- 10 hashtags with an average post likes similar to your average (medium difficulty to rank)
- 10 hashtags with an average post likes slightly higher than your average (challenging to rank but will bring more traffic)
Mix and match your hashtags for each post and track when you make it to the top posts to reuse those hashtags in the future.", ,,,,,,,,,,,,,,,,,,,,
Customer support and communication,Thanking customers,Thank you for showing interest in Ascend Viral!,Thank you for taking the time to explore Ascend Viral!,Thank you for your understanding! I will prioritize sending you an email as soon as possible to address your concerns.,"Perfect! If you need any further assistance, feel free to reach out. Thanks for chatting with us,[client's name]!","Okay, sounds good. Thank you again, [client's name]! We would be delighted to assist you again whenever you need our services. :)",Let me know if there's anything else I can help you with!,Thank you! I appreciate it. :) We are excited to work with you as well. Have a wonderful evening!,Please don't hesitate to reach out if you have any further inquiries or require additional support.,Thanks for trying Ascend Viral. We would love to have you back whenever you decide to return.,Thank you for reaching out.,Thank you for reaching out to us and expressing your interest in Ascend Viral!,"Thank you for providing your feedback. We highly value it, and our team will investigate the matter thoroughly.", ,,,,,,,,,,,
,Buying time (when you can't answer something),"Thanks for your patience! Unfortunately, I don’t have access to this information right now, but I’ll get back to you via email soon :)",Let me double-check this with my manager to ensure I have the correct information. I’ll email you soon with an update!,Thanks for bringing this to my attention! I’ll review it further and email you an update as soon as possible.,I’m currently looking into this for you. I’ll follow up with you via email shortly!,Your isue has been forwarded to the relevant team. I'll get back to you by email once it's fixed!, ,,,,,,,,,,,,,,,,,,
,Apologizing for any issues,"I apologize, but it seems that your current growth assistant is not available online at the moment. I’ve made a note for them to prioritize this as soon as they’re online!","We sincerely apologize for any inconvenience caused by this delay. It is highly unusual for us, and we appreciate your understanding.",Apologies for the delayed response.,Please let us know if there is anything we can do to convince you to stay. We'll be happy to assist you. Your feedback will help us provide better service in the future.,"Our Instagram page is strictly for research purposes. We're not actively growing or posting on it, as our focus is on delivering the best results for our clients.","We apologize once again for any dissatisfaction caused, as this is not the experience we aim to provide to our customers. Your feedback is valuable to us as it helps us improve our services.","Hi there,
Thank you for reaching out to us. I'm sorry to hear that you're disappointed with our service. I understand how frustrating it can be when expectations are not met, and I'd like to assist you in resolving this issue as quickly as possible.

To better understand your specific concerns and gather valuable feedback, could you please provide more details about what happened? Your input will be valuable in improving our service and addressing any issues you encountered.","We apologize to hear that you are considering closing your Ascendviral account. We value your satisfaction and would like to know if there is anything we can do to persuade you to stay. Our team is here to assist you and ensure your experience is positive.
Your feedback is essential to us as it allows us to improve our services in the future.","We sincerely apologize for any inconvenience this may have caused, and we greatly appreciate your patience throughout this process.","I apologize once again for the inconvenience caused. This is not typical of our service, and we are committed to addressing any issues to ensure a positive experience for our customers.","We appreciate your feedback and apologize for falling short of your expectations. Your input is valuable to us, and we will use it to improve our support and services.","Thank you for taking the time to share your experience with us. We strive to deliver exceptional customer support, and we apologize for any shortcomings you encountered. Your feedback will help us enhance our service and ensure better assistance in the future.","We apologize for any inconvenience this may have caused, and we sincerely appreciate your support as a valued member of the Ascend Viral community.", ,,,,,,,,,,
,How to's,"To cancel your subscription, please follow these steps:

1. Go to the Members Area: https://ascendviral.com/members-area/
2. Select ""My Profile Management"".
3. Click ""Membership"" on the left panel.
4. Find and click the ""Cancel"" button on the right.","To download your invoice, please follow these steps:

1.Go to the Members Area: https://ascendviral.com/members-area/
2.Select My Profile Management.
3.On the left panel, click Membership.
4.Choose Payments.
5.Find the invoice you need and click the PDF button on the right to download it.","To update your billing information, please follow these steps:

1. First, access your Members Area by clicking this link: https://ascendviral.com/members-area/
2. Once you're logged in, select ""My Profile Management"" from the main menu.
3. In the left-hand panel, click on ""Membership"", and update your payment details there.","To access your messages and assistant dashboard, follow these steps:

1. Go to the Members Area: https://ascendviral.com/members-area/
2. Click on ""Instagram Growth"".
3. Next, select ""Assistant Dashboard"".
4. From the left-hand panel, click ""Messages"" to view your messages.

If the steps above don’t work, you can directly access your messages here: https://assistant.ascendviral.com/messages","To whitelist an account, please follow these steps:

1. Go to the control panel on the left side of your dashboard screen, or follow this link : https://assistant.ascendviral.com/control
2. Choose the account you want to add white lists to, and click on the bullet list with a green check mark under Whitelist. 
3. Add any account to the white list by typing the username and clicking on the small arrow next to it. 
4.[IMPORTANT] Scroll down and hit ""Update"" to save the changes.","To get your 2FA recovery codes, please follow these steps:

1. Open Instagram app.
2. Go to your profile. And tap on the 'Hamburger icon'.
3. Settings ? Accounts Center ? Password Security ? Two Factor Authentication ? username ? Additional Methods ? Backup Codes.
4. Tap on ""Get New Codes"".", ,,,,,,,,,,,,,,,,,
,Links,https://ascendviral.com/members-area/,https://assistant.ascendviral.com/control,https://assistant.ascendviral.com/onboarding,https://assistant.ascendviral.com/dashboard,https://assistant.ascendviral.com/messages,https://analytics.ascendviral.com/accounts,https://ascendviral.com/start-your-trial/,https://ascendviral.com/start-instantly/,Starter Trial: https://ascendviral.com/start/starter-growth,Turbo Trial: https://ascendviral.com/start/turbo-growth,Starter Subscription : https://ascendviral.com/start/go-starter,Turbo  Subscription: https://ascendviral.com/start/go-turbo, ,,,,,,,,,,,
,Canceling,"To cancel your subscription, please follow these steps:

1. Go to the Members Area: https://ascendviral.com/members-area/
2. Select ""My Profile Management"".
3. Click ""Membership"" on the left panel.
4. Find and click the ""Cancel"" button on the right.",Can you please provide me with the email associated with your Ascend Viral account?,"I have forwarded your request to the assigned team, and we will respond to you within the next 24-48 hours.","Of course! I’ve forwarded your request to the appropriate team, and we’ll notify you via email as soon as your subscription has been canceled.","Please note that your subscription has been canceled, but it will remain active until the expiration date.",We're sorry to hear that you have decided to cancel your Ascend Viral subscription.,We would greatly appreciate it if you could let us know the reason for your cancellation. Your feedback is valuable to us as it helps us improve our services for the future.,"We appreciate your interest in our services. I want to assure you that our services are commitment-free, and we do not require you to sign a contract. You have the freedom to cancel your subscription anytime you wish.","We have processed the cancellation and refund of your subscription. Please note that it may take 5-10 days for the refunded amount to appear on your statement, depending on the processing time of your bank.
We apologize for any inconvenience this may have caused, and we appreciate your support as a valued member of the Ascend Viral community.", ,,,,,,,,,,,,,,
,Refunding or processing chargebacks,"To begin filling out the refund request, can you please provide me with the email you signed up with and the reason for your dissatisfaction?","Your refund request has been forwarded to the relevant team, and we’ll get back to you via email within the next 24-48 hours.",We truly apologize for the inconvenience caused. Would you be open to receiving a free month of service instead of a refund? Please let us know what works best for you!,"Your refund request has been forwarded to the relevant team, and we’ll get back to you via email within the next 24-48 hours. In the meantime, would you like some assistance with how to cancel your subscription?","We are pleased to inform you that a refund has been processed for your account. Please note that the time it takes for the refund to reflect in your bank account may vary and can typically take anywhere from 5 to 10 business days, depending on the processing time of your bank.
We apologize for any inconvenience this may have caused, and we sincerely appreciate your support as a valued member of the Ascend Viral community.",Please note that processing a refund or offering a free month of service will make you ineligible for future refunds or compensations if you choose to stay with our service.,"I'm genuinely sorry to hear that you're dissatisfied with our service. I understand your frustration, and I want to assure you that your experience matters to us. Your feedback is valuable, and we'd like to know more about the specific issues you've encountered so we can address them promptly. Could you please share more details or any particular concerns you have? ", ,,,,,,,,,,,,,,,,
,Phone support,"Unfortunately, we are a small team and we don't offer call support in order to keep our prices down. However, I'd be more than happy to help you with any questions you have via email or this live chat. Our live chat is available 24/6 for your convenience!
Please let me know what questions you have, and I'll do my best to assist you.", ,,,,,,,,,,,,,,,,,,,,,,
,Working hours and weekend support,"Your personal growth assistant will review all the information you provided and get back to you as soon as possible. Please keep in mind that our team usually takes Sundays off, and since it is past our Saturday hours, you may not hear back until Monday. If you don't receive a response by late Monday, please hop on the live chat and let me know.","Please note that the system may take up to 12 hours to process subscriptions. If you do not gain access after this period, feel free to reach out to us via live chat, and we'll assist you promptly.","While Sunday is typically our universal rest day, we do work on Saturdays.", ,,,,,,,,,,,,,,,,,,,,
,Chat support,Our communication with clients primarily occurs through our messaging system on the dashboard. You can easily interact with your personal growth assistant by visiting https://assistant.ascendviral.com/messages. They will be able to assist you promptly and address any questions or issues you may have., ,,,,,,,,,,,,,,,,,,,,,,
,Growth assistants,"Regardless of our global offices, your personal growth assistant will log in using a VPN near your current location as closely as possible.","Your growth assistant typically works on your account between 10 PM and 8 AM CST. During this time, it's ideal if you can avoid using the Instagram app. However, apart from that timeframe, you are free to use the app as you wish.","For specific information about your account, it's best to consult your personal growth assistant, as they can provide a more detailed explanation based on your account's needs.","Most of our personal growth assistants are from Asia and North Africa. We use a VPN to log in to your account, ensuring that the location of logins reflects your general location.", ,,,,,,,,,,,,,,,,,,,
Security and privacy,"Keeping customer accounts active, private and secure","Engaging in follow-unfollow spam violates Instagram's Terms of Service. However, we do not engage in spamming. Instead, we effectively interact with your community in a meaningful way to attract more visitors to your profile. Ultimately, it is your profile and content that will convince users to hit that follow button and give them a reason to stay. :)","We carry out approximately 150-200 actions (follow/unfollow) every day. This number aligns with Instagram's maximum limit to avoid action blocks. As a result, we charge our clients on a monthly basis to ensure consistent growth.","No, our service is completely manual. We do not use bots or automation. Our team of growth assistants performs all the activities on real devices, ensuring compliance with Instagram's rules and guidelines.","As long as you adhere to Instagram's guidelines and avoid posting content that violates their policies, there is no need to worry about your account getting banned.","We prioritize compliance with Instagram's guidelines, and all our methods are designed to be 100% compliant.",Rest assured that there are no risks of your account getting flagged by Instagram when using our service.,"Our team of growth assistants are all in-house employees, and we have a strong track record of maintaining the security and integrity of our clients' accounts.","At Ascend Viral, we take pride in providing real growth without resorting to bots or automation. We have never had any account bans because we strictly adhere to Instagram's rules and guidelines. Our service is entirely manual, and you will be assigned a personal growth assistant who will engage with users interested in your niche on a dedicated device located near you, using a VPN for enhanced security.","We understand that finding a genuine Instagram growth service can be challenging, and we appreciate your due diligence in researching different options. To assist you in making an informed decision, we have published two articles on our website that discuss the truth about Instagram growth services and provide tips on selecting the right service for your needs. You can find the articles at the following links:
- The Truth About Instagram Growth Services: [https://ascendviral.com/the-sad-truth-about-99-of-instagram-growth-services/]
- How to Pick the Right Instagram Growth Service: [https://ascendviral.com/how-to-pick-the-right-instagram-growth-service/]
Additionally, we have a video comparing different growth services that you may find helpful: [https://youtu.be/Yx7EimOORao]","Rest assured, we prioritize the privacy and security of our clients' accounts. As a USA-based company, we have stringent measures in place to protect your information.","Yes, we do require a password. Most services that don't require a password usually send fake followers, and we focus on building authentic relationships through a manual follow/unfollow process.","Trust and integrity are the pillars of our business. We have been in this industry for a long time without any issues, and our commitment to maintaining your account's security remains unwavering.","Your privacy is of utmost importance to us. We do not access or interfere with your direct messages (DMs), respecting the confidentiality of your conversations.","We understand your concerns about sharing your password, but in order to provide our growth service, we do require access to your account.
Please be assured that we take the privacy and security of our clients very seriously. As a USA-based company, we adhere to strict security protocols and employ industry-standard encryption to safeguard your information.

We have a proven track record of maintaining the privacy and security of our clients' accounts without any incidents. Your trust and satisfaction are of utmost importance to us.

If you have any further questions or concerns, please don't hesitate to let us know. We're here to assist you.",We utilize the highest form of encryption during our processes to safeguard your data. Rest assured that your password and personal information will be handled with the utmost care and confidentiality., ,,,,,,,,
,2-factor authentication,"Once we log in, you can re-enable 2FA (Two-Factor Authentication). Make sure you share some back up codes with your assistant though!","You can securely share your 2FA codes with your personal growth assistant through the messages section on our platform: https://assistant.ascendviral.com/messages
To find your 2FA codes, follow these steps:
1. Open Instagram app.
2. Go to your profile. And tap on the 'Hamburger icon'.
3. Settings ? Accounts Center ? Password Security ? Two Factor Authentication ? username ? Additional Methods ? Backup Codes
4. Tap on ""Get New Codes"".", ,,,,,,,,,,,,,,,,,,,,,
,Whitelisting,"Your current following will also be added to the whitelist, ensuring that we do not interact with them.","We don't unfollow your current followings. We only unfollow who we specifically follow on your account.
Your current following will be added to a whitelist. You can always add more to that whitelist as we progress with your account growth.","Yes, we can whitelist old followers. Make sure to message your personal growth manager and he will take care of your requests.","We won’t unfollow users you have personally followed prior to signing up with Ascend Viral; however, if you decide to personally follow people during our service, you should add them to our whitelist so they don’t accidentally get unfollowed.
Similarly, if there are specific users who you don’t want us to follow, you should add them to the blacklist. 
You can do this in the Control tab [https://assistant.ascendviral.com/control].", ,,,,,,,,,,,,,,,,,,,
Automation and bots,Using bots,"No, our service is completely manual. We do not use bots or automation. Our team of growth assistants performs all the activities on real devices, ensuring compliance with Instagram's rules and guidelines.","Unfortunately, ghost followers are something beyond our control. Occasionally, users may follow your account who are bots or become inactive over time.","It is generally not recommended to use any kind of automation in conjunction with our service. Previous automation practices, such as auto-liking, can potentially hinder your results due to increased restrictions from Instagram.", ,,,,,,,,,,,,,,,,,,,,
,Automation or scripts for growth (to be removed),,,,,,,,,,,,,,,,,,,,,,,,
,Following too many users,"We carry out approximately 150-200 actions (follow/unfollow) every day. This number aligns with Instagram's maximum limit to avoid action blocks. As a result, we charge our clients on a monthly basis to ensure consistent growth.","You have the option to set a specific limit on the number of people you want to follow at any given time. We generally recommend keeping it between 2500-3500, as this allows us to create optimal activity levels and sustainable growth for your account.","We recommend keeping your following capped at 2,500 plus your initial following number (whitelist) to maintain optimal growth and account safety. If you’d like, you can request an unfollow session to remove everyone a few days before your subscription expires.", ,,,,,,,,,,,,,,,,,,,,
,Other growth methods (to be removed),,,,,,,,,,,,,,,,,,,,,,,,
Reviews and testimonals,---------------------------------------------------------------------------------------------------------,"We have testimonials from satisfied customers available on our website that you can refer to. However, we are unable to provide specific information about the accounts we are currently working on.","While we are unable to share specific client information due to privacy concerns, you can find testimonials from our satisfied customers on Trust Pilot. Here's a direct link: https://www.trustpilot.com/review/ascendviral.com","If you search for ""Ascend Viral reviews"" on Google, you should find numerous pages with reviews and feedback from our clients.","We understand your interest, but we are unable to share specific names or accounts of the people we work with. This is in line with our policy to respect the privacy and confidentiality of our clients.", ,,,,,,,,,,,,,,,,,,,
Technical support,Troubleshooting bugs,"Sometimes it may take up to 24 hours for accounts to appear in the dashboard, especially during weekends when the processing time may be longer. Once your account shows up in the dashboard, your growth assistant will reach out to you through our messaging platform at https://assistant.ascendviral.com/messages","Thank you for providing your feedback. We highly value it, and our team will investigate the matter thoroughly.","I have forwarded your request to the appropriate team, and we will respond to you within the next 24-48 hours.", ,,,,,,,,,,,,,,,,,,,,
,Developer issues,"I have forwarded your concern to our development team, and they will look into it soon!","I have escalated your ticket to our development team, and I've given it a high priority. They will work on resolving the issue as quickly as possible.
Rest assured that we are actively working on a solution, and I will personally notify you as soon as the issue is fixed.", ,,,,,,,,,,,,,,,,,,,,,
,Account bans / action blocks / issues,"Occasionally, Instagram adjusts its detection and restriction mechanisms for account activity. This is Instagram's way of telling you to ""cool down"" your account. Based on previous instances of account blocks, it is best to refrain from using the Instagram app until the block is lifted. Attempting to bypass the block could prolong the ""action blocked"" period. We will also run the account through a brief warm-up cycle as a precautionary measure.","We have temporarily paused all activity on our end. You should be able to tap on the ""Disagree with decision"" button, and then Instagram will prompt you to do a recaptcha. After completing the recaptcha, Instagram will ask you to verify your email and phone number. Once you have done that, you should regain access to your account.","It appears that Instagram has recently rolled out an update that has affected a small percentage of accounts, including some of our clients. This update has caused temporary suspensions and prompts for verification. It seems to have affected both accounts using a growth service and those that are not. Even Instagram's main account, @instagram, experienced a sudden drop in followers, which is unusual.",It appears that this suspension was a false flag and a temporary issue. We assure you that we prioritize the security of your account and would never engage in any activities that compromise your trust.,Rest assured that our methods are fully compliant with Instagram's terms of service. We log into your account using real devices and perform all activities manually.,We have never had an account suspended solely due to the activities we perform. Our methods are 100% compliant with Instagram's guidelines.,,,,,,,,,,,,,,,,,,
,Delayed response," We truly apologize for the delayed response. We've been experiencing higher than usual demand and it took us a bit longer to address all inquiries. Your patience is really appreciated, and I’ve made a note for your assistant to get back to you on priority as soon as they're online.","Sometimes it may take up to 48 hours for accounts to appear in the dashboard, especially during weekends when the processing time may be longer. Once your account shows up in the dashboard, your growth assistant will reach out to you through our messaging platform at app.ascendviral.com/messages.","I sincerely apologize for the delayed response. I was handling some technical issues earlier, which caused the delay. Thank you for your understanding, and I’m here to assist you with anything you need!","I apologize for the delayed response! We were on a day off yesterday, but I’m here now and ready to assist you with anything you need. Thank you for your patience!", ,,,,,,,,,,,,,,,,,,,
,Incorrect billing or charges,"Kindly note that it may take up to 12 hours for our payment processor to confirm your payment. If access is not granted within this timeframe, please reach out, and I’ll be happy to assist further.",Thank you for reaching out! I apologize for any confusion regarding the billing or charges. I’ll look into the issue and get back to you with a resolution as soon as possible. We appreciate your patience!,I’m sorry to hear about the billing issue you’ve encountered. Please give me a moment to check the details and I'll provide an update shortly. Thanks for your understanding!,I apologize for the inconvenience caused by the incorrect charges. I’ve forwarded your inquiry to the billing team and will have an update for you within 24-48 hours., ,,,,,,,,,,,,,,,,,,,
Agency and business management,Reseller or white-label options,"Right now, we're offering a reseller service. We offer a discount of $135 per month per Turbo account (opposed to our normal price of $199 per month).  We no longer offer a white label since we recently upgraded our analytics software.","If you'd like to join our agency program, the first step is to purchase an initial Turbo subscription. You can use my $20 off coupon code [coupon] to get the initial subscription at a discounted price.

When you're ready to add more accounts, just let us know how many you'd like to add, and we'd be happy to provide you with our agency discount code.", ,,,,,,,,,,,,,,,,,,,,,
,Reputation & AV details,"Our company is based in Omaha, Nebraska.","We are a US-based company, and most of our personal growth assistants are from Asia and North Africa. Our live chat is available 24 hours a day, Monday through Saturday.", ,,,,,,,,,,,,,,,,,,,,,
,Taxes / W9 form / NDAs,"When it comes to taxes, our service should be considered as a product expense rather than an independent contractor or individual labor-based service. It is similar to an internet subscription or a social media app subscription. We have not issued a W9 form in all the years we've been in business for any of our Instagram products or services. Typically, our service is treated as a regular business expense and can be written off accordingly.","We can create custom invoices for you! Just provide us with the details you'd like to include, and we'll be happy to generate the invoice accordingly.","Please note that U.S. companies do not have VAT IDs or numbers. Instead, they have TINs (Taxpayer Identification Numbers). As a service-based company, we do not collect tax information, in accordance with the United States tax code. If we sold physical products, we would provide a TIN, but it's not compulsory for us to share our tax information with clients for services.

Thank you for understanding!","Unfortunately, we do not sign NDAs as part of our standard operating procedures. Thank you for understanding!", ,,,,,,,,,,,,,,,,,,,
,Ebook - Guides and courses,"The two services are separate.

The course is a do-it-yourself program where you learn and implement the growth strategies yourself.
On the other hand, the growth service is a done-for-you service where our team takes care of the growth strategies and actions on your behalf.","I would highly recommend checking out our free Instagram course available at https://ascendviral.com/instagram-course/. It's a great resource to learn more about Instagram and its growth strategies.
If you're looking to dive deeper into Instagram growth, I recommend reading our comprehensive guide called ""Instagram Domination."" This guide covers everything you need to know about growing your Instagram presence effectively. You can access it at https://ascendviral.com/dominate/.
Both the course and the guide will provide you with valuable insights and strategies to enhance your Instagram growth.","Here's a detailed guide that'll help you get the latest version of the ebook.
https://www.ascendviral.com/ebook-update-tutorial/",Kindly check the update guide here: https://www.ascendviral.com/ebook-update-tutorial/, ,,,,,,,,,,,,,,,,,,,
,,,,,,,,,,,,,,,,,,,,,,,,,
,,,,,,,,,,,,,,,,,,,,,,,,,
,,,,,,,,,,,,,,,,,,,,,,,,,
,,,,,,,,,,,,,,,,,,,,,,,,,
,,,,,,,,,,,,,,,,,,,,,,,,,
,,,,,,,,,,,,,,,,,,,,,,,,,
,,,,,,,,,,,,,,,,,,,,,,,,,
,,,,,,,,,,,,,,,,,,,,,,,,,
